Workbook

Sheet Executive Overview
B2: Executive Overview
B4: Total Revenue | E4: Total Orders | H4: Avg Order Value | K4: Lead-to-Customer Conversion
B5: =Data_Summary!B5 -> 10349506 | E5: =Data_Summary!B2 -> 2200 | H5: =Data_Summary!B6 -> 4704.3208 | K5: =Data_Summary!B7 -> 0.28933333
B8: Monthly Revenue Trend | H8: Revenue by Region
B23: Key insights:
B24: - Total revenue reached $10.35M across 2,200 orders.
B25: - North was the top-performing region.
B26: - North and South contributed most of total revenue.
B27: - West had higher order value but lower volume.

Sheet Funnel & Conversion Analysis
B2: Funnel & Conversion Analysis
B4: Total Leads | E4: Total Customers | H4: Conversion Rate | K4: Won Leads
B5: =Data_Summary!B3 -> 3000 | E5: =Data_Summary!B4 -> 868 | H5: =Data_Summary!B7 -> 0.28933333 | K5: =Data_Summary!B8 -> 446
B8: Lead Funnel by Stage | H8: Lead Stage Share
B23: Key insights:
B24: - 3,000 leads generated 868 customers, for a 28.93% conversion rate.
B25: - The funnel is top-heavy, with most leads still in New or Qualified stages.
B26: - Won leads totaled 446, suggesting room to improve late-stage conversion.
B27: - Funnel-stage monitoring helps identify where pipeline drop-off is highest.

Sheet Regional Performance
B2: Regional Performance
B4: Total Regional Revenue | E4: Top Region Revenue | H4: Highest Avg Order Value | K4: Lowest Region Revenue
B5: =Data_Summary!B5 -> 10349506 | E5: =Data_Summary!B9 -> 4335457.7 | H5: =Data_Summary!B10 -> 5269.06 | K5: =Data_Summary!B11 -> 932624.15
B8: Revenue by Region | H8: Orders by Region
B20: Avg Order Value by Region
B33: Key insights:
B34: - North generated the highest total revenue, followed by South.
B35: - West had the highest average order value, but lower overall volume.
B36: - Revenue concentration was strongest in North and South.
B37: - Regional analysis highlights where growth is scalable versus inconsistent.

Sheet Target vs Actual Performance
B2: Target vs Actual Performance
B4: Months Above Target | E4: Months Below Target | H4: North Above Target Months | K4: Biggest Positive Variance
B5: =Data_Summary!B12 -> 11 | E5: =Data_Summary!B13 -> 12 | H5: =Data_Summary!B14 -> 17 | K5: =Data_Summary!B15 -> 1789991.7
B8: Monthly Actual vs Target | H8: Monthly Variance
B23: Key insights:
B24: - North beat target most consistently, while West was the least consistent.
B25: - South acted as a strong secondary growth driver.
B26: - December 2025 was a major outlier month across regions.
B27: - Target-vs-actual analysis shows not just volume, but planning accuracy and execution.

Sheet Data_Monthly
A1: Month | B1: Monthly Revenue
A2: 45323 | B2: 24355
A3: 45352 | B3: 91566.9
A4: 45383 | B4: 189230.45
A5: 45413 | B5: 281256.9
A6: 45444 | B6: 370665
A7: 45474 | B7: 447453.2
A8: 45505 | B8: 483986.8
A9: 45536 | B9: 477791.45
A10: 45566 | B10: 541539
A11: 45597 | B11: 438838.3
A12: 45627 | B12: 508914.3
A13: 45658 | B13: 414900.85
... A24: 45992 | B24: 2187675.7

Sheet Data_Region
A1: Region | B1: Total Revenue | C1: Total Orders | D1: Avg Order Value
A2: North | B2: 4335457.7 | C2: 910 | D2: 4764.24
A3: South | B3: 3419190.6 | C3: 767 | D3: 4457.88
A4: East | B4: 1662233.4 | C4: 346 | D4: 4804.14
A5: West | B5: 932624.15 | C5: 177 | D5: 5269.06

Sheet Data_Summary
A1: Metric | B1: Value
A2: Total Orders | B2: 2200
A3: Total Leads | B3: 3000
A4: Total Customers | B4: 868
A5: Total Revenue | B5: =SUM(Data_Monthly!B2:B24) -> 10349506
A6: Avg Order Value | B6: =B5/B2 -> 4704.3208
A7: Lead-to-Customer Conversion | B7: =B4/B3 -> 0.28933333
A8: Won Leads | B8: =Data_Funnel!B5 -> 446
A9: Top Region Revenue | B9: =MAX(Data_Region!B2:B5) -> 4335457.7
A10: Highest AOV | B10: =MAX(Data_Region!D2:D5) -> 5269.06
A11: Lowest Region Revenue | B11: =MIN(Data_Region!B2:B5) -> 932624.15
A12: Months Above Target | B12: =COUNTIF(Data_TargetMonthly!D2:D24,">0") -> 11
A13: Months Below Target | B13: =COUNTIF(Data_TargetMonthly!D2:D24,"<0") -> 12
A14: North Above Target Months | B14: 17
A15: Biggest Positive Variance | B15: =MAX(Data_TargetMonthly!D2:D24) -> 1789991.7

Sheet Data_Funnel
A1: Lead Stage | B1: Lead Count | C1: Pct of Total
A2: New | B2: 890 | C2: =B2/SUM($B$2:$B$6) -> 0.29666667
A3: Qualified | B3: 746 | C3: =B3/SUM($B$2:$B$6) -> 0.24866667
A4: Proposal | B4: 623 | C4: =B4/SUM($B$2:$B$6) -> 0.20766667
A5: Won | B5: 446 | C5: =B5/SUM($B$2:$B$6) -> 0.14866667
A6: Lost | B6: 295 | C6: =B6/SUM($B$2:$B$6) -> 0.098333333

Sheet Data_TargetMonthly
A1: Month | B1: Actual Revenue | C1: Revenue Target | D1: Variance
A2: 45323 | B2: 24355 | C2: 274300 | D2: -249945
A3: 45352 | B3: 91566.9 | C3: 412404 | D3: -320837.1
A4: 45383 | B4: 189230.45 | C4: 391983 | D4: -202752.55
A5: 45413 | B5: 281256.9 | C5: 366831 | D5: -85574.1
A6: 45444 | B6: 370665 | C6: 373538 | D6: -2873
A7: 45474 | B7: 447453.2 | C7: 429912 | D7: 17541.2
A8: 45505 | B8: 483986.8 | C8: 427732 | D8: 56254.8
A9: 45536 | B9: 477791.45 | C9: 387881 | D9: 89910.45
A10: 45566 | B10: 541539 | C10: 429535 | D10: 112004
A11: 45597 | B11: 438838.3 | C11: 360749 | D11: 78089.3
A12: 45627 | B12: 508914.3 | C12: 393825 | D12: 115089.3
A13: 45658 | B13: 414900.85 | C13: 379498 | D13: 35402.85
... A24: 45992 | B24: 2187675.7 | C24: 397684 | D24: 1789991.7

Sheet Data_TargetRaw
A1: Month | B1: Region | C1: Actual Revenue | D1: Revenue Target | E1: Variance
A2: 45323 | B2: East | C2: 2384.25 | D2: 69863 | E2: -67478.75
A3: 45323 | B3: North | C3: 4888 | D3: 91814 | E3: -86926
A4: 45323 | B4: South | C4: 17082.75 | D4: 112623 | E4: -95540.25
A5: 45352 | B5: East | C5: 10967 | D5: 68593 | E5: -57626
A6: 45352 | B6: North | C6: 53464.3 | D6: 137070 | E6: -83605.7
A7: 45352 | B7: South | C7: 21850.3 | D7: 96419 | E7: -74568.7
A8: 45352 | B8: West | C8: 5285.3 | D8: 110322 | E8: -105036.7
A9: 45383 | B9: East | C9: 15010 | D9: 72177 | E9: -57167
A10: 45383 | B10: North | C10: 81901.9 | D10: 138026 | E10: -56124.1
A11: 45383 | B11: South | C11: 71946.95 | D11: 95153 | E11: -23206.05
A12: 45383 | B12: West | C12: 20371.6 | D12: 86627 | E12: -66255.4
A13: 45413 | B13: East | C13: 41908.45 | D13: 77359 | E13: -35450.55
... A92: 45992 | B92: West | C92: 129124.75 | D92: 76427 | E92: 52697.75
